term,category
अंतराल,Generic
अंदर,Generic
अंश,Generic
अउरा,Generic
अक्तूबर,Month Name
अक्सर,Generic
अगजा,Generic
अगता,Generic
अगर,Generic
अगले,Generic
अचार,Generic
अच्छा,Generic
अच्छी,Generic
अच्छे,Generic
अजवायन,Crop
अट्ठारह,Numeral
अठाइस,Numeral
अठारे,Numeral
अडवांटा,Generic
अड़हुल,Variety
अदरक,Crop
अदरत,Generic
अधरत,Symptom
अधिक,Generic
अनगड़ा,Generic
अनाज,Generic
अनार,Crop
अनुदान,Generic
अनुमान,Generic
अन्य,Generic
अपना,Generic
अप्रैल,Month Name
अब,Generic
अब्जी,Generic
अभी,Generic
अभी।,Generic
अमदुर,Generic
अमरलाता,Generic
अमरुद,Crop
अमरूद,Crop
अमृत,Generic
अरबी,Crop
अरहर,Crop
अरे,Generic
अलसी,Crop
अलुआ,Crop
अलुवा,Country/Place
अलैया,Generic
अल्पान,Generic
अवसक्ता,Generic
अवसियक,Generic
अशी,Generic
असर,Generic
असर।,Generic
असुर,Generic
अस्त्र,Generic
अस्सुगंधा,Crop
आ,Generic
आंवला,Crop
आई,Generic
आईएफसी,Generic
आए,Generic
आएंगे,Generic
आएगा,Generic
आएगा।,Generic
आओ,Generic
आकाशीय,Generic
आचार,Generic
आज,Generic
आजा,Generic
आज।,Generic
आठ,Numeral
आड़,Generic
आता,Generic
आदि,Generic
आद्रता,Generic
आधा,Numeral
आधी,Numeral
आना।,Generic
आने,Generic
आप,Generic
आपका,Generic
आपको,Generic
आपत,Generic
आपने,Generic
आम,Crop
आमके,Crop
आमदुरु,Generic
आया,Generic
आया।,Generic
आयिल,Chemical Name
आयुर्वेदिक,Generic
आये,Generic
आयेगा,Generic
आर,Generic
आर्मी,Generic
आलु,Crop
आलू,Crop
आलूआ,Crop
आवशक,Generic
आवश्यक,Generic
आवश्यकता,Generic
आवेगा,Generic
आसान,Generic
इ,Generic
इंडिया,Country/Place
इंसान,Generic
इकतालीस,Numeral
इकतीस,Numeral
इक्कावन,Numeral
इक्कीस,Numeral
इख,Crop
इटिका,Generic
इनकम,Generic
इनमें,Generic
इन्सेक्टीसाइड,Chemical Name
इरीगेशन,Agri Practice
इलाज,Agri Practice
इलाज,Agri Practice
इस,Generic
इसका,Generic
इसकी,Generic
इसके,Generic
इसको,Generic
इसपे,Generic
इसमें,Generic
इसलिए,Generic
इससे,Generic
इसी,Generic
इसीलिए,Generic
इस्तमाल,Generic
इस्तेमाल,Generic
इ।,Generic
ईंख,Crop
ईख,Crop
ईटी,Agri Practice
उ,Generic
उखटा,Generic
उखड़,Symptom
उखड़ा,Generic
उखरा,Generic
उखाड़ने,Agri Practice
उखाड़ा,Agri Practice
उगठा,Generic
उगता,Generic
उगती,Generic
उगने,Generic
उगा,Generic
उगाई,Agri Practice
उगाए,Agri Practice
उगाएं,Agri Practice
उगाना,Agri Practice
उगाना।,Agri Practice
उगानी,Agri Practice
उगाय,Agri Practice
उगाया,Agri Practice
उगाये,Agri Practice
उगे,Generic
उगो,Generic
उचित,Generic
उच्च,Generic
उजला,Generic
उजला,Generic
उजली,Generic
उज्जैन,Country/Place
उठका,Agri Practice
उठाना,Generic
उड़द,Crop
उड़ने,Generic
उड़वेत,Generic
उड़हुल,Generic
उड़ा,Generic
उतरेगा।,Generic
उत्का,Variety
उत्तम,Generic
उत्पादन,Generic
उदेश्य,Generic
उधर,Generic
उनका,Generic
उनको,Generic
उनसठ,Numeral
उनीस,Numeral
उन्तीस,Numeral
उन्नत,Generic
उन्नतशील,Generic
उन्नति,Generic
उन्नीस,Numeral
उपचार,Agri Practice
उपचारों,Agri Practice
उपचार,Agri Practice
उपज,Generic
उपजा,Generic
उपजाए,Generic
उपजाएं,Generic
उपजाएंगे,Agri Practice
उपजाना,Agri Practice
उपजाने,Generic
उपजाया,Generic
उपज,Generic
उपयुक्त,Generic
उपयोग,Generic
उपयोग।,Generic
उपर,Generic
उपरे,Generic
उपर्युक्त,Generic
उपसे,Generic
उपाए,Agri Practice
उपाय,Generic
उपायुक्त,Generic
उपाये,Agri Practice
उपाय,Agri Practice
उपेकता,Generic
उफरें,Symptom
उरद,Crop
उरिद,Crop
उर्दी,Crop
उर्बरक,Soil Nutrient/Fertiliser
उर्बरता,Generic
उर्लिया,Pest/Disease
उर्वर,Soil Nutrient/Fertiliser
उर्वरक,Soil Nutrient/Fertiliser
उवा,Generic
उसका,Generic
उसका,Generic
उसके,Generic
उसको,Generic
उसपर,Generic
उसपे,Generic
उसमे,Generic
उसमें,Generic
उसमें,Generic
उससे,Generic
उसे,Generic
ऊख,Crop
ऊपर,Generic
ऊपर,Generic
ऊपाय,Agri Practice
ए,Generic
एक,Numeral
एकड़,Agriculture unit
एकतालीस,Numeral
एकदम,Generic
एकानवे,Numeral
एक्स,Generic
एखन,Generic
एगारह,Numeral
एग्यारह,Numeral
एचडी,Variety
एडामा,Generic
एथी,Generic
एनपीएम,Generic
एनपीके,Soil Nutrient/Fertiliser
एनी,Generic
एप्पल,Crop
एबंग,Generic
एबार,Generic
एलेवन,Numeral
एलोमोजैक,Pest/Disease
एस,Generic
एसआरआई,Agri Practice
एसटीसा,Generic
एस्पीरियम,Generic
ऐंठा,Pest/Disease
ऐड,Generic
ऐडवांटा,Generic
ऐतराज,Generic
ऐसा,Generic
ऐसे,Generic
ऑक्साइड,Chemical Name
ऑटोमेटिक,Generic
ऑयस्टर,Generic
ऑल,Generic
ओकर,Generic
ओकरा,Generic
ओबेरॉन,Chemical Name
ओरी,Variety
ओल,Crop
और,Generic
और।,Generic
औषधि,Generic
औषधिय,Generic
औषधीय,Generic
क,Generic
कंठ,Generic
कंठा,Generic
कंथाली,Variety
कंद,Generic
कंपास,Generic
कंसीव,Generic
कओने,Generic
ककंबर,Crop
ककड़ी,Crop
कची,Generic
कचु,Generic
कट,Agri Practice
कटता,Generic
कटनी,Agri Practice
कटर।,Generic
कटहर,Crop
कटहल,Crop
कटहल,Crop
कटाई,Agri Practice
कटाएगा,Agri Practice
कटाता,Generic
कटिंग,Agri Practice
कटेगा,Generic
कटेगी,Generic
कट्टा,Generic
कट्ठा,Agriculture unit
कठे,Generic
कडूआ,Crop
कथि,Generic
कददुआ,Crop
कदीमा,Variety
कदुआ,Crop
कदूआ,Generic
कद्दुवा,Crop
कद्दू,Crop
कनी,Generic
कन्द,Generic
कपि,Pest/Disease
कपिल,Generic
कब,Generic
कबड़ाई,Agri Practice
कभी,Generic
कम,Generic
कमजोर,Generic
कमा,Generic
कम्पोस्ट,Soil Nutrient/Fertiliser
कय,Generic
कर,Generic
करके,Generic
करके।,Generic
करता,Generic
करते,Generic
करना,Generic
करना।,Generic
करने,Generic
करबो,Generic
करवा,Generic
करवाइए,Generic
करवाएं,Generic
कराये,Generic
करिले,Crop
करी,Generic
करू,Generic
करूं,Generic
करे,Generic
करें,Generic
करेंगा,Generic
करेंगे,Generic
करेंगे।,Generic
करें।,Generic
करेगा,Generic
करेगी,Generic
करेला,Crop
करेली,Crop
करे।,Generic
करैला,Crop
करो,Generic
कर,Generic
कल,Generic
कलर,Generic
कलस,Generic
कला,Generic
कल्ली,Agriculture unit
कस,Generic
कसन,Country/Place
कहके,Generic
कहता,Generic
कहा,Generic
कहाँ,Generic
कहिए,Generic
कहिना,Generic
का,Generic
काँटा,Generic
कांखी,Generic
काकड़ी,Crop
काखि,Generic
कागज,Generic
काची,Generic
काज,Generic
काट,Generic
काटके,Generic
काटे,Generic
काटें,Agri Practice
काठा,Chemical Name
काढ़ा,Generic
कान,Generic
कान्द,Crop
काभी,Generic
काम,Generic
कारण,Generic
कारण।,Generic
कारन,Generic
कार्बेन्डाजिम,Chemical Name
काली,Generic
काहा,Generic
काहा।,Generic
काहे,Generic
का।,Generic
कि,Generic
किक,Generic
किचन,Generic
किट,Generic
किटंनाशक,Chemical Name
किटनाशक,Chemical Name
किटनाशी,Chemical Name
किटाणु,Pest/Disease
किटानो,Pest/Disease
किड़ा,Pest/Disease
कितना,Generic
कितनी,Generic
कितने,Generic
कितनो,Generic
किया,Generic
किया।,Generic
किये,Generic
किरौनि,Variety
किरौनी,Variety
किला,Generic
किश्त,Generic
किश्त,Generic
किस,Generic
किसको,Generic
किसान,Generic
किस्म,Variety
किस्मे,Variety
किस्में,Variety
किस्में,Variety
किस्मे,Variety
किस्से,Generic
की,Generic
कीट,Pest/Disease
कीटनाशक,Generic
कीटनाशक,Chemical Name
कीटनाशी,Chemical Name
कीटाणु,Pest/Disease
कीटो,Pest/Disease
कीटों,Pest/Disease
कीड़कनाशी,Chemical Name
कीड़र,Pest/Disease
कीड़ा,Pest/Disease
कीड़ा।,Pest/Disease
कीड़े,Pest/Disease
कीपुरी,Generic
कीमत।,Generic
कीया,Pest/Disease
कीवी,Crop
की,Generic
कुआ,Generic
कुआं,Generic
कुकड़ा,Pest/Disease
कुकड़ी,Crop
कुकुड़ा,Generic
कुकुम्बर,Crop
कुछ,Generic
कुछ,Generic
कुड़ाई,Agri Practice
कुदुआ,Agri Practice
कुम्भ,Generic
कुम्हड़ा,Crop
कुम्हरा,Crop
कुराई,Agri Practice
कृपया,Generic
कृषको,Generic
कृषि,Generic
के,Generic
केंचुआ,Generic
केचुआ,Generic
केचुवा,Generic
केजी,Agriculture unit
केजी,Agriculture unit
केतना,Generic
केतारी,Pest/Disease
केथर,Variety
केना,Generic
केमिकल,Chemical Name
केला,Crop
केले,Crop
केवो,Generic
केसु,Crop
कै,Generic
कैची,Generic
कैल्शियम,Soil Nutrient/Fertiliser
कैसन,Generic
कैसा,Generic
कैसी,Generic
कैसे,Generic
कैसे-कैसे,Generic
कॉर्न,Crop
कॉलीफरोक्त,Crop
को,Generic
कोई,Generic
कोऑर्डिनेटर,Generic
कोकरी,Crop
कोठी,Agriculture unit
कोड,Generic
कोड़कर,Generic
कोड़ाई,Agri Practice
कोडाई,Agri Practice
कोनि,Generic
कोने,Generic
कोनो,Generic
कोभी,Crop
कोराई,Agri Practice
कोराजन,Generic
कोहड़ा,Crop
को।,Generic
कौन,Generic
कौन-कौन,Generic
कौन-सा,Generic
कौनसा,Generic
कौनसी,Generic
कौन,Generic
क्या,Generic
क्या-क्या,Generic
क्यू,Generic
क्यूँ,Generic
क्यूब,Generic
क्यों,Generic
क्रिया,Generic
क्रॉप,Generic
क्रोमा,Generic
क्लोरानट्रानिलीप्रोल,Chemical Name
क्लोरेंट्रनिलीपरोल,Chemical Name
क्लोरोपायरीफॉस,Chemical Name
क्वालिटी,Generic
क्षमता,Generic
खंड,Generic
खखड़,Generic
खड़,Generic
खतम,Generic
खत्म,Generic
खनाइ,Agri Practice
खन्ने,Generic
खरपतवार,Generic
खराप,Generic
खराबी,Symptom
खरी,Season Name
खरीफ़,Season Name
खरों,Generic
खर्च,Generic
खल,Soil Nutrient/Fertiliser
खल्ली,Generic
खसी,Generic
ख़राब,Generic
ख़रीदे,Generic
खा,Generic
खांस,Symptom
खांसने,Symptom
खाए,Generic
खाएं,Generic
खाता,Generic
खातिरदारी,Agri Practice
खाद,Soil Nutrient/Fertiliser
खादक,Generic
खाद्य,Generic
खाद्य।,Generic
खाद,Soil Nutrient/Fertiliser
खाने,Generic
खाया,Generic
खारा,Generic
खाल,Generic
खिरा,Crop
खिरिफ्स,Season Name
खिलने,Generic
खिलाए,Generic
खिलाएं,Generic
खिलाएं।,Generic
खिलाया,Generic
खीर,Generic
खीरा,Crop
खीरे,Crop
खुरपका,Generic
खुरा,Generic
खुल,Generic
खुली,Generic
खू,Generic
खेत,Agriculture unit
खेतारी,Agri Practice
खेती,Agri Practice
खेती।,Agri Practice
खेतों,Agriculture unit
खेत,Agriculture unit
खेसारी,Crop
खैनी,Generic
खोखोम,Generic
खोजना,Generic
खोलें,Generic
गंधी,Generic
गए।,Generic
गणना,Generic
गति,Generic
गति,Generic
गधे,Generic
गनेरा,Generic
गन्ना,Crop
गन्ने,Crop
गभी,Crop
गया,Generic
गया,Country/Place
गरबे।,Crop
गरमा,Season Name
गर्मा,Season Name
गर्मियों,Season Name
गल,Generic
गलका,Generic
गलकी,Pest/Disease
गलके,Generic
गलत,Generic
गलने,Symptom
गलय,Symptom
गली,Generic
गलुआ,Generic
गाँव,Country/Place
गां,Generic
गांजा,Crop
गांठ,Symptom
गांड,Generic
गाछ,Generic
गाजर,Crop
गाभा,Generic
गाभिन,Generic
गामा,Generic
गामो,Generic
गाय,Generic
गायन,Generic
गार्डन,Country/Place
गिओ,Generic
गिन्हारी,Generic
गिया,Crop
गिये,Generic
गिर,Generic
गिरना,Generic
गिरने,Generic
गिरा,Generic
गिराने,Generic
गिरा।,Generic
गिरे,Generic
गिरेगा,Generic
गिरेगा।,Generic
गिलसी,Generic
गिल्ट,Generic
गीर,Variety
गुजरात,Country/Place
गुड़,Generic
गुण,Generic
गुलाब,Crop
गुलाबी,Generic
गूगल,Generic
गेंदा,Crop
गेंहु,Crop
गेंहू,Crop
गेहू,Crop
गेहूँ,Crop
गेहूं,Crop
गेहूं।,Crop
गैस,Generic
गो,Generic
गोगड़ी,Crop
गोभा,Generic
गोभी,Crop
गोम,Generic
गोरख,Country/Place
गोलीआ,Generic
ग्राम,Crop
ग्रास,Generic
ग्रेपस,Crop
ग्रेस,Generic
ग्रोथ,Generic
घंटा,Generic
घटना,Generic
घड़ी,Generic
घन,Generic
घना,Generic
घर,Generic
घरेलू,Generic
घरेलू,Generic
घसलन,Agri Practice
घाम,Generic
घाव,Symptom
घास,Crop
घास।,Crop
घीउड़ा,Pest/Disease
घुंडी,Agriculture unit
घेउड़ा,Generic
घेउडा,Pest/Disease
घेवड़ा,Crop
घेवडा,Generic
घेवरा,Generic
घोड़पराश,Generic
घौद,Generic
चंदेरी,Country/Place
चक्र,Generic
चढ़ाने,Generic
चना,Crop
चपाइ,Agri Practice
चरकलाम,Generic
चर्चा,Generic
चल,Generic
चलाय,Generic
चलेगा,Generic
चलेगा,Generic
चलेगी,Generic
चलो,Generic
चा,Generic
चाइनीज,Country/Place
चाट,Generic
चाटता,Generic
चाना,Crop
चार,Numeral
चारसो,Numeral
चारा,Generic
चाले,Generic
चाहता,Generic
चाहते,Generic
चाहते,Generic
चाहिए,Generic
चाहिए,Generic
चिंटू,Generic
चिक्स,Generic
चिज,Generic
चित्ता,Generic
चिलेगी,Generic
चिलेटेड,Soil Nutrient/Fertiliser
चिल्ड्रन,Generic
ची,Generic
चीज,Generic
चीज़,Generic
चीजे,Generic
चु,Generic
चुकुन्दर,Crop
चुके,Generic
चुता,Generic
चूसक,Generic
चूहा,Pest/Disease
चेक।,Generic
चेचक,Pest/Disease
चैट,Generic
चैटी,Generic
चैत्र,Month Name
चैनल,Generic
चैप,Generic
चौआलिस।,Numeral
चौड़,Generic
चौड़ी,Generic
चौतीस,Numeral
चौदह,Numeral
चौबीस,Numeral
चौरा,Crop
चौराही,Generic
चौरी,Generic
चौवालीस,Numeral
छ,Generic
छः,Numeral
छत्र,Generic
छबीस,Numeral
छब्बीस,Numeral
छह,Numeral
छहर,Generic
छापारा,Generic
छालम्पोडोनिआ,Generic
छाहा,Generic
छिट,Agri Practice
छिटकाव,Agri Practice
छिटना,Agri Practice
छिटनी,Agri Practice
छिटाता,Generic
छिटाना,Agri Practice
छिटाय,Agri Practice
छिटायगा,Agri Practice
छिटाये,Agri Practice
छिटायेगा,Agri Practice
छिड़कना,Agri Practice
छिड़का,Agri Practice
छिड़काना,Agri Practice
छिड़काव,Agri Practice
छिड़काव,Agri Practice
छिड़के,Agri Practice
छिड़कें,Agri Practice
छिड़केगा,Agri Practice
छिड़खाने,Agri Practice
छिड़े,Agri Practice
छिता,Generic
छियासी,Numeral
छिलकाव,Agri Practice
छींट,Agri Practice
छींटना,Agri Practice
छींटने,Agri Practice
छींटा,Agri Practice
छींटाइ,Agri Practice
छींटाएगा,Agri Practice
छींटाता,Agri Practice
छींटे,Agri Practice
छींटें,Agri Practice
छींटेगा,Agri Practice
छींटे,Agri Practice
छीटना,Agri Practice
छीटने,Agri Practice
छीटा,Generic
छीटायगा,Agri Practice
छीटे,Agri Practice
छीटेगा,Agri Practice
छीडकाव,Agri Practice
छीननी,Agri Practice
छीनी,Generic
छीमी,Pest/Disease
छुटकने,Generic
छुट्टे,Generic
छुड़ना,Generic
छूके,Generic
छेड़,Generic
छेद,Generic
छेदक,Pest/Disease
छेदक,Pest/Disease
छेना,Generic
छोटा,Generic
छोटा-छोटा,Generic
छोटा-छोटा,Generic
छोटे-छोटे,Generic
छोड़,Generic
छौराही,Generic
जड़,Generic
जड़ी,Generic
जड़ो,Generic
जतय।,Generic
जनम,Generic
जनेर,Generic
जन्मते,Generic
जन्मदिन,Generic
जन्मा,Generic
जब,Generic
जमा,Generic
जर,Symptom
जरा,Generic
जरिए,Generic
जरुरत,Generic
जरूरत,Generic
जर्मिनेशन,Agri Practice
जल,Generic
जलजमाव,Symptom
जलन,Symptom
जलने,Symptom
जलम,Symptom
जलमा,Generic
जलवायु।,Generic
जला,Symptom
जलाने,Agri Practice
जलोट,Generic
जल्दी,Generic
जवाब,Generic
जहर,Generic
जहा,Generic
ज़िला,Agriculture unit
जा,Generic
जाँच,Generic
जांच,Agri Practice
जांच,Generic
जाइए,Generic
जाए,Generic
जाएं,Generic
जाएगा,Generic
जाएगा।,Generic
जाएगी,Generic
जाएगी।,Generic
जाए।,Generic
जाता,Generic
जाति,Generic
जाती,Variety
जाते,Generic
जान,Generic
जानकारी,Generic
जानकारी,Generic
जानते,Generic
जानवर,Generic
जाना।,Generic
जानी,Generic
जाम,Generic
जामा,Generic
जाय,Generic
जाये,Generic
जायेगा,Generic
जाये,Generic
जाय,Generic
जावे,Generic
जिंक,Soil Nutrient/Fertiliser
जिला,Country/Place
जिले,Country/Place
जिसको,Generic
जिसमे,Generic
जिसमें,Generic
जिससे,Generic
जी,Generic
जीरा,Crop
जीरा,Crop
जीरो,Numeral
जीला,Agriculture unit
जीवामृत,Soil Nutrient/Fertiliser
जु,Generic
जुतनी,Generic
जुताई,Agri Practice
जूँ,Pest/Disease
जे,Generic
जेठुआ,Generic
जेठुवा,Variety
जेल,Generic
जेली,Generic
जैविक,Agri Practice
जैसा,Generic
जैसे,Generic
जो,Crop
जौ,Crop
ज्यादा,Generic
ज्यादे,Generic
ज्वाइन,Generic
झंझरी,Generic
झड़,Symptom
झड़क,Agri Practice
झड़का,Symptom
झड़ने,Generic
झड़े,Symptom
झड़ेगा,Generic
झर,Generic
झरका,Generic
झरता,Symptom
झरना,Generic
झरवाये,Symptom
झरा,Symptom
झरिया,Country/Place
झाड़,Generic
झाड़का,Agri Practice
झार,Generic
झींगा,Generic
झीवड़ा,Generic
झीसी,Generic
झुक,Generic
झुराने,Symptom
झुलसा,Symptom
झोंकरा,Generic
टमाटर,Crop
टहनी,Generic
टाइप,Generic
टाइम,Generic
टारगेट,Generic
टिकट,Generic
टिकता,Generic
टिका,Generic
टिकाऊ,Generic
टिकोला,Generic
टिन्डे,Crop
टियोकोनाजोल,Chemical Name
टिल,Crop
टिलेज,Agri Practice
टीक,Agri Practice
टीका,Agri Practice
टीकोला,Generic
टीमैक्स,Chemical Name
टुला,Agriculture unit
टू,Generic
टेंपरेचर,Generic
टेन,Numeral
टेयर,Generic
टेस्ट,Generic
टैगराइड,Chemical Name
टॉनिक,Generic
ट्रिप,Generic
ट्रैप,Agri Practice
ठडिया,Generic
ठहर,Generic
ठाक,Generic
ठीक,Generic
ठुनगी,Generic
डंगा,Generic
डबल,Generic
डलाएगा,Generic
डलेगा,Generic
डहनी,Generic
डांट,Generic
डाल,Generic
डालके,Generic
डालते,Generic
डालना,Generic
डालने,Generic
डाला,Generic
डालायगा,Generic
डालिए,Generic
डालू,Generic
डाले,Generic
डालें,Generic
डालेंगे,Generic
डालें।,Generic
डालो,Generic
डिग्री,Generic
डिटेल,Generic
डियर,Generic
डिले,Generic
डिसमील,Generic
डी,Generic
डीएपी,Soil Nutrient/Fertiliser
डीप,Generic
डीवार्मिंग,Agri Practice
डेकेन,Country/Place
डेली,Generic
डेसिमल,Numeral
डोक्युनाशन,Generic
डोज,Generic
डोज़,Generic
ड्रीम,Generic
ड्रैस,Generic
ढंग,Generic
ढट्टा,Generic
ढस,Agriculture unit
ढ़ैचा,Crop
ढाचा,Generic
ढाट,Generic
ढाटा,Generic
ढिंचा,Crop
ढैंचा,Crop
ढैचाल,Soil Nutrient/Fertiliser
तंग,Generic
तंबाकू,Crop
तक,Generic
तत्व,Generic
तत्वों,Generic
तन,Generic
तना,Generic
तनाछेदक,Generic
तने,Generic
तब,Generic
तमाकु,Crop
तरने,Generic
तरबूज,Crop
तरबूजा,Crop
तरसो,Generic
तरह,Generic
तरीका,Agri Practice
तरीका,Agri Practice
तहा,Generic
ता,Generic
ताकि,Generic
तान्या,Generic
तारीख।,Generic
तिल,Crop
तीन,Numeral
तीनसौ,Numeral
तील,Crop
तीशी,Generic
तीस,Numeral
तीसरा,Numeral
तीसरी,Numeral
तीसी,Generic
तु,Generic
तुड़ी,Crop
तू,Generic
तेइस,Numeral
तेईस,Numeral
तेरह,Numeral
तेल,Generic
तैंतालीस,Numeral
तैतीस,Numeral
तैयार,Generic
तैयारी,Agri Practice
तैसे,Generic
तो,Generic
तोड़के,Generic
तोड़ाई,Agri Practice
तोड़ी,Crop
तोप,Generic
तोर,Crop
तोरा,Generic
तोरि,Crop
तोरी,Crop
तोरे,Generic
तोसी,Crop
तो,Generic
थन,Generic
थनैल,Generic
थनैला,Generic
था,Generic
थाम,Generic
था।,Generic
थी,Generic
थी,Generic
थे,Generic
थे।,Generic
थोड़ा,Generic
दर,Generic
दरमान,Agri Practice
दलहन,Crop
दवा,Generic
दवाइयां,Generic
दवाई,Generic
दवाई,Generic
दवा,Generic
दस,Numeral
दस्त,Symptom
दाग,Symptom
दाग,Symptom
दाना,Generic
दाने,Generic
दानों,Generic
दाम,Generic
दामा,Pest/Disease
दार,Generic
दारू,Generic
दाल,Crop
दावा,Generic
दावा,Generic
दिए,Generic
दिख,Generic
दिखाइए,Generic
दिखाइए,Generic
दिखाए,Generic
दिन,Generic
दिनभर,Generic
दिनों,Generic
दिन,Generic
दिया,Generic
दियारा,Agriculture unit
दिया।,Generic
दी,Generic
दीं,Generic
दीजिए,Generic
दीजिएगा,Generic
दीजिये,Generic
दीजिये,Generic
दीदी,Generic
दुरी,Agri Practice
दू,Generic
दूँ,Generic
दूध,Generic
दूधथे,Generic
दूरी,Generic
दूसरा,Numeral
दूसरी,Numeral
दूसरे,Numeral
दे,Generic
दें,Generic
देंगे,Generic
दें।,Generic
देख,Generic
देखके,Generic
देखभाल,Agri Practice
देखभाल,Agri Practice
देखिए,Generic
देखिये,Generic
देखेगा,Generic
देगा,Generic
देगी,Generic
देता,Generic
देती,Generic
देते,Generic
देना,Generic
देनी,Country/Place
देने,Generic
देर,Generic
देवी।,Generic
देवे,Generic
देसी,Generic
दे,Generic
दो,Numeral
दोनों,Generic
दोपी,Generic
दोबारा,Generic
दो,Numeral
द्रव,Generic
द्वारा,Generic
द्वारा।,Generic
ध,Generic
धड़,Generic
धन,Crop
धना,Crop
धनिया,Crop
धनीवन,Generic
धनैरा,Country/Place
धन्यवाद,Generic
धब्बा,Symptom
धब्बे,Symptom
धर,Generic
धरता,Generic
धरने,Generic
धरा,Generic
धरे,Generic
धरोगा,Generic
धान,Crop
धाम,Generic
धुप,Generic
धूप,Generic
धैचा,Crop
धोकर,Generic
धोया।,Generic
धोये,Generic
ध्येचा,Generic
न,Generic
नगदी,Generic
नज़दीक,Generic
नब्बे,Numeral
नमी,Generic
नया,Generic
नल,Generic
नश,Generic
नस्ल,Variety
नही,Generic
नहीं,Generic
नहीं।,Generic
ना,Generic
नाका,Generic
नानकी,Variety
नाम,Generic
नाम।,Generic
नाल,Agriculture unit
नाशी,Generic
नासिक,Country/Place
नासी,Generic
नाहाने,Generic
ना।,Generic
निकल,Generic
निकलना,Generic
निकलने,Generic
निकलेगा,Generic
निकले।,Generic
निकाई,Agri Practice
निकाले,Generic
निकासी,Agri Practice
निगरानी,Agri Practice
निजमा,Generic
निदान,Agri Practice
निनुवा,Country/Place
निन्यानबे,Numeral
निमास्त्र,Chemical Name
नियंत्रित,Generic
नियन,Generic
नियोपेप्टी,Chemical Name
निर्लय,Generic
निवारण,Agri Practice
नींग,Generic
नींदने,Generic
नींबू,Crop
नीचे,Generic
नीम,Generic
नीमास्त्र,Chemical Name
नील,Crop
नीलगाय,Generic
नुकसान,Generic
नुन्नी,Generic
नूंछी,Variety
ने,Generic
नेनवा,Generic
नेनुआ,Crop
नैनो,Generic
नौ,Numeral
नौर,Generic
प,Generic
पंक्ति,Agriculture unit
पंगास,Generic
पंद्रह,Numeral
पक,Generic
पकड़,Generic
पकड़ने,Generic
पकड़ा,Generic
पकड़े,Generic
पकड़ेगा,Generic
पकता,Generic
पकल,Generic
पका,Generic
पक्का,Generic
पक्ष्म,Pest/Disease
पगुड़ी,Agriculture unit
पचास,Numeral
पचीस,Numeral
पच्चीस,Numeral
पच्चीस।,Numeral
पट,Generic
पटत्री,Generic
पटना,Country/Place
पटवन,Generic
पटा,Generic
पटाकर,Generic
पटाके,Generic
पटाते,Generic
पटाना,Agri Practice
पटाने,Generic
पटाये,Generic
पटावेंगे,Generic
पटेंगे,Generic
पटेगा,Generic
पट्टी,Agriculture unit
पड़,Generic
पड़कर,Generic
पड़ता,Generic
पड़ती,Generic
पड़ना,Generic
पड़ेंगे,Generic
पड़ेगा,Generic
पड़ेगा।,Generic
पड़ेगी,Generic
पड़े,Generic
पढ़ेलस,Generic
पतंग,Generic
पतपता,Symptom
पता,Generic
पति,Generic
पत्ता,Generic
पत्ति,Generic
पत्ती,Generic
पत्ते,Generic
पन्द्र,Numeral
पपिता,Crop
पपीता,Crop
पपीते,Crop
पर,Generic
परंपरागत,Generic
परभेद,Generic
परम्परागत,Generic
परवर,Generic
परवल,Crop
परवल।,Crop
परसबीम,Variety
परसेंट,Numeral
परामर्ष,Generic
परिचय,Generic
परिवार,Generic
परी,Generic
परेशानी,Generic
परैया,Generic
परोड़,Pest/Disease
परोरा,Country/Place
पर्युपत,Generic
पर।,Generic
पलस्तर,Generic
पलाकी,Generic
पशु,Generic
पश्चात,Generic
पहचान,Generic
पहला,Numeral
पहले,Generic
पा,Generic
पाँच,Numeral
पांच,Numeral
पांचसो,Numeral
पाउडर,Generic
पाएगा,Generic
पाक,Generic
पाकुड़,Country/Place
पाट,Generic
पातला,Generic
पाता,Generic
पाते,Generic
पात्र,Generic
पान,Crop
पानि,Generic
पानी,Generic
पापा।,Generic
पाया,Generic
पाया।,Generic
पाल,Agri Practice
पालने,Agri Practice
पाला,Generic
पालिया,Country/Place
पिक्चर,Generic
पिचक,Generic
पिछात,Generic
पिपरा,Pest/Disease
पिफल्ली,Generic
पियाज,Crop
पिला,Symptom
पिल्लू,Generic
पीआई,Generic
पीछात,Generic
पीजी,Generic
पीजीपी,Generic
पीठ,Generic
पीड़ित,Generic
पीपल,Generic
पीपीआर,Pest/Disease
पीयर,Crop
पीला,Symptom
पीलापन,Symptom
पीलु,Crop
पीलुवा,Symptom
पीले,Generic
पुर,Generic
पुरा,Generic
पुष्ट,Generic
पुस्ट,Generic
पूछ,Generic
पूछना,Generic
पूछबे,Generic
पूछा,Generic
पूछिए।,Generic
पूछियेगा,Generic
पूछो,Generic
पूरा,Generic
पूरी,Generic
पूर्ण,Generic
पूर्व,Generic
पूर्वा,Generic
पूर्वान,Generic
पूर्वानुमान,Generic
पूर्वानुमान,Generic
पे,Generic
पेड़,Generic
पेड़वे,Generic
पेड़ो,Generic
पेले,Generic
पैंसठ,Numeral
पैक्स,Agriculture unit
पैदा,Generic
पैदावार,Generic
पैदावारी,Generic
पैसठ,Numeral
पैसा,Generic
पॉइंट,Generic
पोट,Generic
पोटाश,Soil Nutrient/Fertiliser
पोटाश,Soil Nutrient/Fertiliser
पोर्ट,Country/Place
पोलिहाष,Generic
पोषक,Soil Nutrient/Fertiliser
पौध,Generic
पौधा,Generic
पौधा,Generic
पौधे,Generic
पौधो,Generic
पौधों,Generic
प्याज,Crop
प्याज़,Crop
प्यादवार,Generic
प्यार,Generic
प्रकोप,Generic
प्रकोप,Generic
प्रक्रिया,Generic
प्रजाति,Generic
प्रजातिया,Generic
प्रजाति,Generic
प्रति,Generic
प्रदेश,Country/Place
प्रबंधन,Agri Practice
प्रभेद,Generic
प्रभेद,Variety
प्रयोग,Generic
प्रयोग,Generic
प्रशिक्षण,Agri Practice
प्रोडक्शन।,Generic
प्रोपा,Chemical Name
फंगस,Pest/Disease
फंगा,Pest/Disease
फंगीसाइड,Chemical Name
फंगीसाइड।,Chemical Name
फट,Symptom
फटे,Symptom
फण्ड,Generic
फनी,Generic
फफूंद,Pest/Disease
फफूंदनाशक,Chemical Name
फफूंदा,Pest/Disease
फफूंदी,Pest/Disease
फर,Crop
फरता,Generic
फरने,Generic
फराने,Generic
फरी,Generic
फरेगा,Generic
फरेला,Generic
फर्टिलाइजर,Soil Nutrient/Fertiliser
फल,Generic
फलकेस,Generic
फलता,Generic
फलन,Generic
फलने,Generic
फला,Generic
फलाएं,Generic
फलाना,Generic
फली,Generic
फले,Generic
फलेगा,Generic
फलो,Generic
फलों,Generic
फल्ली,Generic
फल।,Generic
फसल,Crop
फसलें,Crop
फसलो,Crop
फसल,Generic
फ़रवरी,Month Name
फ़ीट,Agriculture unit
फाइलआता,Generic
फाइव,Numeral
फायदा,Generic
फायदा,Generic
फायदे,Generic
फायदे,Generic
फार,Generic
फार्मर,Generic
फास्ट,Generic
फिर,Generic
फीट,Agriculture unit
फुंगी,Pest/Disease
फुट,Agriculture unit
फुनगी,Pest/Disease
फुल,Generic
फुलझर,Generic
फुला,Generic
फुलाए,Generic
फुलाके,Generic
फुलाना,Generic
फुलाने,Generic
फुलाया,Symptom
फुसली,Crop
फूटता,Generic
फूटने,Agri Practice
फूटला,Symptom
फूफा,Generic
फूल,Generic
फूलगोभी,Crop
फूलझर,Symptom
फूलट्रेमरिउ,Generic
फूलन,Generic
फूलने,Generic
फूला,Symptom
फूलो,Generic
फूल,Generic
फेक,Generic
फेब्रुअरी,Month Name
फेरोमोन,Chemical Name
फैलेरिस,Crop
फॉफ,Generic
फोटो,Generic
फोड़,Symptom
फोर्टी,Numeral
फोलिडोल,Chemical Name
फ्रेंड,Generic
फ्रेश,Generic
फ्लावा,Generic
बंद,Generic
बकड़ा,Generic
बकरियाँ,Generic
बकरी,Generic
बकरे,Generic
बक्ता,Generic
बगवानी,Agri Practice
बगीचा,Agriculture unit
बगैर,Generic
बचता,Generic
बचाएँ।,Generic
बचाएं,Generic
बचाओ,Generic
बचाने,Generic
बचाव,Generic
बचावे,Generic
बचाव।,Agri Practice
बचे,Generic
बचें,Generic
बच्चा,Generic
बच्चा,Generic
बच्चे,Generic
बछिया,Generic
बज,Generic
बजे,Generic
बड़,Generic
बड़ने,Generic
बड़वा,Agriculture unit
बड़ा,Generic
बड़ा-बड़ा,Generic
बड़ाने,Generic
बड़े,Generic
बड़ौनी,Agriculture unit
बढ़,Generic
बढ़ता,Generic
बढ़ते,Generic
बढ़ने,Generic
बढ़ा,Generic
बढ़ाए,Generic
बढ़ाएं,Generic
बढ़ाने,Generic
बढ़ाय,Generic
बढ़ाये,Generic
बढ़ावे,Generic
बढ़ियल,Generic
बढ़िया,Generic
बढ़े,Generic
बढ़ेगा,Generic
बढ़ेगा।,Generic
बढ़ोतरी,Generic
बढाएं,Generic
बढिया,Generic
बढीया,Generic
बतलाइए,Generic
बतलाइए,Generic
बतलाइये,Generic
बता,Generic
बताइए,Generic
बताइए।,Generic
बताइये,Generic
बताइयेगा,Generic
बताइये।,Generic
बताए,Generic
बताएँ,Generic
बताएँ,Generic
बताएं,Generic
बताएं।,Generic
बताए।,Generic
बताओ,Generic
बताओ।,Generic
बताना।,Generic
बताय,Generic
बताया,Generic
बताये,Generic
बताय,Generic
बतावे,Generic
बतावे,Generic
बतिया,Generic
बत्तियां,Generic
बत्ती,Generic
बत्तीस,Numeral
बनरारा,Country/Place
बना,Generic
बनाएं,Generic
बनाने,Generic
बनाया,Generic
बनायें,Generic
बनिया,Generic
बनेगा,Generic
बन्ना,Generic
बबूल,Crop
बम्बी,Generic
बरतें,Generic
बरसात,Season Name
बरसो,Generic
बर्तन,Generic
बर्मी,Variety
बर्षा,Season Name
बलगढ़,Country/Place
बस,Generic
बस,Generic
बहुतायत,Generic
बहुत।,Generic
बाँस,Crop
बांगुर,Variety
बांझपन,Symptom
बांझापन,Symptom
बांझी,Generic
बांस,Crop
बाइस,Numeral
बाईस,Numeral
बाउ,Generic
बागबानी,Agri Practice
बागवानी,Agri Practice
बाछी,Generic
बाजपन,Pest/Disease
बाजरा,Crop
बाझि,Generic
बाट,Generic
बात,Generic
बाती,Generic
बाद,Generic
बाद।,Generic
बाबुल,Crop
बार,Generic
बारह,Numeral
बारिश,Generic
बारी,Agriculture unit
बारे,Generic
बाल,Generic
बाली,Generic
बाल्मीक,Generic
बाव,Generic
बावन,Numeral
बाहिर,Generic
बाहु,Generic
बा।,Generic
बिकास,Generic
बिक।,Generic
बिच,Generic
बिचड़ा,Generic
बिचरो,Generic
बिचा,Generic
बिच्चा,Generic
बिच्ची,Generic
बिछड़ा,Generic
बिछी,Generic
बिज,Generic
बिजड़ा,Pest/Disease
बिजडा,Generic
बिजे,Generic
बिधि,Agri Practice
बिया,Generic
बिरादरी,Generic
बिल,Generic
बिशुनपुर,Country/Place
बिस,Numeral
बिसवा,Agriculture unit
बी,Generic
बीआइ,Generic
बीगे,Generic
बीच,Generic
बीचा,Generic
बीचि,Pest/Disease
बीचे,Generic
बीचे।,Generic
बीज,Generic
बीजडा,Pest/Disease
बीजा,Generic
बीजामृत,Soil Nutrient/Fertiliser
बीज,Generic
बीट,Crop
बीडिया,Generic
बीन,Crop
बीन्स,Crop
बीम,Crop
बीमारियाँ,Pest/Disease
बीमारी,Pest/Disease
बीया,Generic
बीरत,Generic
बीस,Numeral
बीसीजी,Chemical Name
बीहन,Generic
बीहा,Generic
बुआ,Generic
बुआई,Agri Practice
बुन,Generic
बुनना,Generic
बुनने,Generic
बुननेंगे,Generic
बुना,Generic
बुनाई,Generic
बुनाएगा।,Generic
बुनाता,Generic
बुनाया,Generic
बुरान,Generic
बुवाई,Agri Practice
बुवाता,Agri Practice
बुवायगा,Agri Practice
बू,Generic
बूट,Generic
बूनने,Agri Practice
बृद्धि,Generic
बे,Generic
बेचें,Generic
बेदाम,Crop
बेबर,Generic
बेबी,Generic
बेबीकॉर्न,Crop
बेया,Generic
बेराय,Generic
बेल,Crop
बेस्ट,Generic
बेहेतर,Generic
बैंगन,Crop
बैगन,Crop
बैट,Generic
बैठा,Generic
बैठेगा,Generic
बैठे।,Generic
बैल,Generic
बैसाका,Month Name
बो,Generic
बोआई,Agri Practice
बोआए,Agri Practice
बोआएगा,Generic
बोआयेगा,Agri Practice
बोई,Agri Practice
बोए,Agri Practice
बोएं,Agri Practice
बोट,Generic
बोड़ा,Generic
बोते,Agri Practice
बोदी,Crop
बोना,Agri Practice
बोनाई,Agri Practice
बोने,Agri Practice
बोया,Agri Practice
बोये,Agri Practice
बोये।,Agri Practice
बोरा,Generic
बोरी,Agriculture unit
बोल,Generic
बोलते,Generic
बोलना।,Generic
बोलिए,Generic
बोलिए,Generic
बोले,Generic
बोलो,Generic
बोवा,Generic
बोवाई,Agri Practice
बौरिया,Pest/Disease
भंगुडी,Generic
भंगुर,Generic
भंगुरी,Variety
भंटा,Generic
भंडारण,Agri Practice
भंडारन,Agri Practice
भंशी,Pest/Disease
भगाएं,Generic
भण्डारण,Agri Practice
भदया,Generic
भमरी,Generic
भर,Generic
भरपूर,Generic
भरा,Generic
भराईटी,Generic
भराएगा,Generic
भव्य,Generic
भाई,Generic
भागने,Generic
भाती,Generic
भारत,Country/Place
भाव,Generic
भिंडी,Crop
भिगोया,Generic
भित्तर,Generic
भी,Generic
भींगा,Generic
भींडी,Crop
भीगो,Generic
भूमि,Generic
भूर,Generic
भूसा,Soil Nutrient/Fertiliser
भैंस,Generic
भैया,Generic
भैस,Generic
भैसी,Generic
मंग,Crop
मंचित,Generic
मंजड़,Generic
मंजन,Generic
मंजर,Generic
मंजरा,Generic
मंजर,Generic
मंज़र,Generic
मंजार,Generic
मंजिरी,Generic
मंजूर,Generic
मंडी,Generic
मंडी।,Agriculture unit
मंडुवा,Crop
मंत्रा,Generic
मकई,Crop
मकई,Crop
मका,Crop
मक्का,Crop
मक्का,Crop
मक्की,Crop
मक्के,Crop
मक्खिया,Pest/Disease
मक्खी,Pest/Disease
मखाना,Crop
मगर,Generic
मचान,Generic
मच्छी,Generic
मछली,Generic
मजर,Generic
मज्जर,Generic
मटर,Crop
मटरे,Crop
मट्टी,Generic
मठास्त्र,Generic
मठिया,Generic
मड़वा,Crop
मड़ुआ,Crop
मडुवा,Crop
मतलब,Generic
मद,Generic
मधुआ,Crop
मधुबनी,Country/Place
मधुव,Crop
मधुवा,Crop
मध्य,Generic
मन,Generic
मनजर,Generic
मनी,Generic
मपाई,Agri Practice
मर,Generic
मरता,Generic
मरने,Generic
मरले,Agriculture unit
मरवा,Crop
मरा,Generic
मरीचा,Crop
मरुवा,Crop
मरेगा,Generic
मरेगा।,Generic
मरोड़िया,Symptom
मलचायती,Agri Practice
मलपुरी,Agri Practice
मवेशी,Generic
मशरुम,Crop
मशरूम,Crop
मसूर,Crop
मसूरी,Crop
मस्टर्ड,Crop
महागोनी,Crop
महि,Generic
महिना,Generic
महीन,Generic
महीना,Month Name
महीने,Month Name
महुआ,Crop
महुआ,Crop
महुवाई,Agri Practice
महू,Country/Place
महूगणी,Crop
मा,Generic
मांग,Generic
मांजर,Generic
मांजरा,Generic
माइक्रोफ़ूड,Generic
माइट,Pest/Disease
माछी,Pest/Disease
माजर,Generic
माटी,Soil Nutrient/Fertiliser
मात्रा,Generic
मादरचोद,Generic
मानसून,Season Name
मानसूर,Crop
माने,Generic
मार,Generic
मारने,Generic
मारे,Generic
मारें,Generic
मारेंगे,Generic
मारे।,Generic
मार्च,Month Name
मार्चा,Month Name
मार्च।,Month Name
मालिकों,Generic
मास,Month Name
माह,Month Name
माहू,Country/Place
मिट्टी,Generic
मिट्टी,Generic
मिरचा,Crop
मिरचाइ,Crop
मिरचाई,Crop
मिर्च,Crop
मिर्चा,Crop
मिर्चाइ,Crop
मिर्चाई,Crop
मिर्ची,Crop
मिर्च,Crop
मिलता,Generic
मिला,Generic
मिलाकर,Generic
मिलावे,Generic
मिली,Generic
मिलेगा,Generic
मिले।,Generic
मिसता,Generic
मिस्टेक,Generic
मीट,Generic
मीठापन,Generic
मीराकुलम,Variety
मीराकुलार,Generic
मुंग,Crop
मुंडी,Generic
मुख्खी,Pest/Disease
मुझसे,Generic
मुझे,Generic
मुझे।,Generic
मुड़,Generic
मुड़ी,Generic
मुन्ग,Crop
मुरझाना,Symptom
मुरी,Generic
मुर्गी,Generic
मुहूर्त,Generic
मूँगि,Crop
मूंग,Crop
मूंगफली,Crop
मूंगा,Crop
मूंग।,Crop
मूच,Generic
मूड़,Generic
मूली,Crop
मूसा,Crop
मृदा,Generic
मे,Generic
में,Generic
में।,Generic
मेघ,Generic
मेटासिन,Chemical Name
मेडिसिंन,Generic
मेरा,Generic
मेरी,Generic
मेरे,Generic
मेला,Generic
मेहेंदीनगर,Country/Place
मेहेक,Generic
मैं,Generic
मैंने,Generic
मैं,Generic
मैन्कोजेब,Chemical Name
मै।,Generic
मोचा,Variety
मोजर,Generic
मोजी,Generic
मोजेक,Pest/Disease
मोटा,Generic
मोटापन,Symptom
मोबाइल,Generic
मोम,Generic
मोरिंगा,Crop
मोसंबी,Crop
मौल,Generic
मौसंम,Season Name
मौसम,Generic
मौसम,Generic
यह,Generic
यहाँ,Generic
यहां,Generic
यही,Generic
या,Generic
याग,Generic
याद,Generic
यील्ड,Generic
युमोरिंना,Pest/Disease
यूज,Generic
यूज़,Generic
यूरिया,Soil Nutrient/Fertiliser
यूरिया,Soil Nutrient/Fertiliser
ये,Generic
येलो,Generic
योजना,Generic
योजनाओं,Generic
योजना।,Generic
रख,Generic
रखना,Generic
रखने,Generic
रखा,Generic
रखी,Generic
रखे,Generic
रखें,Generic
रजाई,Generic
रजिस्ट्रेशन,Generic
रजिस्ट्रेशन,Generic
रमकैल,Generic
रयची,Generic
रवि,Season Name
रसायनिक,Generic
रसून,Crop
रहता,Generic
रहर,Crop
रहा,Generic
रहा।,Generic
रही,Generic
रहूंगा,Generic
रहूंगा।,Generic
रहे,Generic
रहेगा,Generic
रहेगा।,Generic
रहेगी,Generic
रहे।,Generic
राइ,Crop
राई,Crop
राखी,Generic
रात,Generic
रामतुरई,Crop
रामदाना,Crop
रामामंडल,Generic
राम,Generic
रासायन,Generic
रासायनिक,Generic
राहड़,Generic
राहा,Generic
रिचार्ज,Generic
रुपये,Generic
रुला,Generic
रूनी,Generic
रूप,Generic
रे,Generic
रेट,Generic
रेट।,Generic
रै,Generic
रोआई,Generic
रोकथाम,Agri Practice
रोकथाम,Agri Practice
रोकना,Generic
रोकने,Generic
रोके,Generic
रोकें,Generic
रोग,Pest/Disease
रोग,Pest/Disease
रोप,Agri Practice
रोपण,Agri Practice
रोपण,Agri Practice
रोपत,Agri Practice
रोपते,Agri Practice
रोपन,Agri Practice
रोपना,Agri Practice
रोपनी,Agri Practice
रोपने,Agri Practice
रोपला,Generic
रोपा,Agri Practice
रोपाई,Agri Practice
रोपाएगा,Agri Practice
रोपाएगा।,Agri Practice
रोपाता,Agri Practice
रोपाना,Agri Practice
रोपाय,Agri Practice
रोपायगा,Agri Practice
रोपाया,Agri Practice
रोपायेगा,Agri Practice
रोपाला,Agri Practice
रोपी,Agri Practice
रोपे,Agri Practice
रोपें,Agri Practice
रौआ,Generic
लंड,Generic
लंब,Generic
लंबड़,Generic
लंबा,Generic
लंबा-लंबा,Generic
लकी,Generic
लग,Generic
लगतय,Generic
लगता,Generic
लगते,Generic
लगना,Generic
लगने,Generic
लगा,Generic
लगाए,Agri Practice
लगाएँ,Agri Practice
लगाएं,Agri Practice
लगाएंगे,Agri Practice
लगाएं।,Agri Practice
लगातार,Generic
लगाते,Agri Practice
लगाना,Agri Practice
लगाना,Agri Practice
लगाने,Agri Practice
लगाय,Agri Practice
लगाया,Agri Practice
लगाये,Agri Practice
लगाय,Generic
लगावे,Agri Practice
लगावें,Agri Practice
लगा।,Agri Practice
लगे,Generic
लगें,Generic
लगेंगे,Generic
लगेगा,Generic
लगेगा।,Generic
लगेगी,Generic
लगे।,Generic
लच्छा,Generic
लड़का,Generic
लत्तर,Generic
लत्ती,Generic
लम्बू,Generic
लर,Generic
ललका,Variety
लवका,Generic
लस्सा,Pest/Disease
लहर,Generic
लहरी,Generic
लहसुन,Crop
ला,Generic
लाइन,Generic
लाइफटाइम,Generic
लाएं,Generic
लागता।,Generic
लागा,Generic
लागे,Generic
लाठी,Generic
लाडी,Agriculture unit
लाती,Generic
लाने,Generic
लाभ,Generic
लाभकर,Generic
लाया,Generic
लाल,Generic
लाल-लाल,Generic
लालका,Generic
लालमी,Pest/Disease
लालसाग,Crop
लाल,Generic
लावे,Generic
लाही,Soil Nutrient/Fertiliser
लाहीं,Generic
लिए,Generic
लिए।,Generic
लिक्विड,Generic
लिखे,Generic
लिची,Crop
लिया,Generic
लिया।,Generic
लिये।,Generic
लीची,Crop
लीजिएगा।,Generic
लीजिये,Generic
लीफ,Generic
ले,Generic
लें,Generic
लेकिन,Generic
लेके,Generic
लेखा,Generic
लेगा,Generic
लेड़ा,Generic
लेप,Agri Practice
लेमन,Crop
लेवल,Generic
लेहेर,Generic
लैटरिंग,Generic
लैट्रिंग,Generic
लो,Generic
लोआ,Generic
लोग,Generic
लौंग,Crop
लौका,Crop
लौकी,Crop
लौके,Crop
लौड़ा,Crop
लौडिस,Chemical Name
लौवा,Generic
लौवे,Generic
व,Generic
वक्त,Generic
वगेरा,Generic
वगैरह,Generic
वजह,Generic
वतिया,Generic
वर्मीकंपोस्ट,Soil Nutrient/Fertiliser
वर्मीकम्पोस्ट,Soil Nutrient/Fertiliser
वर्षा,Season Name
वल,Generic
वाजमा,Generic
वाला,Generic
वाला।,Generic
वाली,Generic
वाली,Generic
विकास,Generic
विटामिन,Generic
विधि,Generic
विधि,Generic
विभाग,Generic
विल,Generic
विशेष,Generic
विस्तार,Generic
वीडियो,Generic
वीडियो,Generic
वीसा,Generic
वृक्ष,Generic
वृद्धि,Generic
वेट,Generic
वेरमिधान,Generic
वैरायटी,Variety
वैरायटी,Variety
वैल्यू,Generic
वैशाख,Month Name
वैशाली,Country/Place
वो,Generic
वोआएगा,Generic
वोआएगा,Generic
व्यवसाय,Generic
व्हाइट,Generic
शकरकंद,Crop
शबनम,Generic
शब्जी,Crop
शलजम,Crop
शाक,Generic
शाकनाशी,Chemical Name
शारीरिका,Generic
शाह,Generic
शाही,Generic
शीश,Generic
शीशम,Crop
श्री,Generic
संकर,Generic
संबंधी,Generic
संबंधीत,Generic
संभावना,Generic
संभावना,Generic
संरक्षण,Agri Practice
सक,Generic
सकता,Generic
सकता।,Generic
सकती,Generic
सकते,Generic
सके,Generic
सके।,Generic
सचमुच,Generic
सजना,Generic
सजमन,Generic
सजहन,Generic
सजान,Crop
सज्जन,Generic
सड़,Symptom
सड़के,Generic
सड़कों,Generic
सड़ता,Symptom
सड़न,Symptom
सड़ने,Symptom
सड़सठ,Numeral
सड़े,Symptom
सत्तर,Numeral
सत्तासी,Numeral
सत्रह,Numeral
सदका,Generic
सनाय,Crop
सन,Generic
सप्ताह,Generic
सफल,Generic
सब,Generic
सबका,Generic
सबसे,Generic
सब्जियां,Generic
सब्जियों,Generic
सब्जी,Generic
समझ,Generic
समतल,Generic
समय,Generic
समयपीत,Generic
समया,Generic
समय।,Generic
समस्या,Generic
समस्या,Generic
समाचय,Generic
समाचार,Generic
समाचार,Generic
समान,Generic
सम्भब,Generic
सर,Generic
सरझा,Pest/Disease
सरथि,Generic
सरल,Generic
सरसो,Crop
सरसों,Crop
सरिता,Generic
सर्दी,Season Name
सर्वबे,Generic
सर,Generic
सल्फर,Soil Nutrient/Fertiliser
सवाल,Generic
सस्क्रीया,Generic
सहजन,Crop
सही,Generic
सा,Generic
साइक्लिन,Chemical Name
साइड,Generic
साग,Crop
सागवान,Crop
साठ,Numeral
सात,Numeral
सातसौ,Numeral
साथ,Generic
सामग्री,Generic
सायपरमेथ्रिन,Chemical Name
सारा,Generic
साल,Generic
साला,Generic
सि,Generic
सिंघ,Generic
सिंचाई,Agri Practice
सिंजेंटा,Generic
सिकुड़,Symptom
सिकुड़ा,Symptom
सिखड़ा,Pest/Disease
सिगाटोका,Pest/Disease
सिचाई,Agri Practice
सिम,Crop
सिमी,Crop
सिमूढ़,Variety
सिलर,Variety
सी,Generic
सीचाय,Agri Practice
सीजन,Season Name
सीजन,Season Name
सीजाएं,Season Name
सीड,Generic
सीड्स,Generic
सीम,Crop
सीमन,Generic
सीमाएं,Generic
सीमेन,Generic
सु,Generic
सुई,Generic
सुख,Generic
सुखंडवा,Country/Place
सुखता,Symptom
सुखना,Symptom
सुखना,Symptom
सुखाई,Agri Practice
सुखाएं,Agri Practice
सुखाना,Agri Practice
सुखी,Symptom
सुदरावे,Generic
सुदान्त,Generic
सुन्दर,Generic
सुपर,Generic
सुपरी,Crop
सुरजमुखी,Crop
सुरु,Generic
सुर्यमुखी,Crop
सूख,Symptom
सूखने,Symptom
सूखा,Generic
सूखाना,Agri Practice
सूखे,Generic
सूखेगा,Generic
सूखेला,Symptom
सूजन,Symptom
सूढ़ी,Generic
सूरजमुखी,Crop
सूर्यमुखी,Crop
से,Generic
सेंड,Generic
सेगवान,Generic
सेडीनेट,Chemical Name
सेब,Crop
सेम,Crop
सेव,Crop
सेवन,Generic
से।,Generic
सैतीस,Numeral
सो,Numeral
सोलह,Numeral
सोला,Numeral
सौ,Numeral
सौंफ,Crop
स्टाम्प,Generic
स्टेप्टो,Chemical Name
स्ट्रॉबेरी,Crop
स्तिथि,Generic
स्थिति,Generic
स्थिति,Generic
स्थिती,Generic
स्प्रिंट,Generic
स्प्रे,Agri Practice
स्वाद,Generic
स्वालो,Generic
हजार,Numeral
हटाए,Generic
हटाएं,Generic
हटेगा,Generic
हप्ता,Generic
हफ्ता,Generic
हम,Generic
हमको,Generic
हमको,Generic
हमरा,Generic
हमारी,Generic
हमें,Generic
हम्म,Generic
हर,Generic
हरदी,Crop
हरसिधिन,Variety
हरा,Generic
हरासना,Symptom
हरिहरी,Generic
हरी,Generic
हरीयाली,Generic
हलका,Generic
हल्दी,Crop
हल्दीआ,Crop
हवा,Generic
हां,Generic
हाइब्रिड,Variety
हाथियाना,Generic
हार्वेस्टिंग,Agri Practice
हाल,Generic
हाल।,Generic
हाही,Generic
हिसाब,Generic
ही,Generic
हु,Generic
हुआ,Generic
हुआ,Generic
हुवा,Generic
हूँ।,Generic
हूं,Generic
हूं,Generic
हे,Generic
हेकटर,Agriculture unit
हेक्टेयर,Agriculture unit
हेक्टेयर,Agriculture unit
हेक्सा,Chemical Name
हेरना,Generic
हेराडोन,Chemical Name
हेल,Generic
हेलो,Generic
है,Generic
है?,Generic
कल,Generic
हैं,Generic
हैं।,Generic
हैच,Generic
हैलो,Generic
हैलो।,Generic
है।,Generic
है,Generic
गेंहू,Crop
हो,Generic
होंगा,Generic
होआ,Generic
होएगा,Generic
होके,Generic
होगा,Generic
होगा?जिसमें,Generic
होगा।,Generic
होगी,Generic
होगी।,Generic
होता,Generic
होती,Generic
होते,Generic
होते।,Generic
होना,Generic
होना।,Generic
होने,Generic
होमिक,Soil Nutrient/Fertiliser
होला,Generic
होली,Generic
होवे,Generic
होवेगा,Generic
होवे।,Generic
हो।,Generic
।,Not Applicable
